Directory,Tier,URL,Category,DR,Dofollow,Submission Date,Status,Live URL,Backlink Verified,Positioning Variant Used,Tags Used,Account Email,Notes,Batch,Language,Campaign Tag,Website URL,Install URL
ExtensionLaunch,2,https://extensionlaunch.com/submit,Extension directory,,,,Draft,,,extension,,,"Draft listing from 2026-07-18 shows the old name and is read-only. Emailed support on 2026-10-06 asking for a refresh or deletion; do not publish until it shows Snug. Checked 2026-10-09: still Draft. No support reply found in the Outlook mailbox (Inbox, Sent and Junk searched), so the refresh or deletion request is still open. The draft itself could not be opened because the site has no dashboard route for it. Do not publish until it shows Snug.",1,EN,extensionlaunch,https://snug.andryore.dev/?c=extensionlaunch,
Web Store Extensions,2,https://webstoreextensions.com/submit,Extension directory,,,2026-10-06,Submitted,,,extension,,,"Submitted via form on 2026-10-06; awaiting admin approval. No premium plan chosen. Checked 2026-10-09: Snug is not listed yet (extension page returns 404, site search shows nothing) and no approval email arrived. Still awaiting admin approval.",1,EN,webstoreext,https://snug.andryore.dev/?c=webstoreext,https://snug.andryore.dev/install?c=webstoreext
Uneed,1,https://www.uneed.best/submit-a-tool,Launch site,,,2026-10-06,Submitted,,,extension,"Browser Extensions, Productivity, Bookmarks",,"Free queue; launch scheduled for 2026-12-15, after day D. Needs 10 upvotes on launch day to stay published and 20 for a dofollow backlink. Skipping the line costs $29.99 and Fast-track $14.99; decided to stay in the free queue. Details, tags, open source flag, socials and logo set. Logo, three store screenshots (01-export, 02-import, 03-auto-export) and the English promo video are saved (checked 2026-10-07). Live URL will be https://www.uneed.best/tool/snug. Checked 2026-10-09: the listing page shows ""Launching in 66 days"", still the free queue for 2026-12-15. Nothing to do until launch day.",1,EN,uneed,https://snug.andryore.dev/?c=uneed,
LibHunt,2,https://www.libhunt.com/repo/submit,OSS and developer list,,Yes,2026-10-06,Live,https://www.libhunt.com/r/AndryOre/snug,Yes,open-source,,,"Backlink checked 2026-10-07: the page links to https://snug.andryore.dev/ without a Campaign tag, so visits from LibHunt are not counted per tag. Listing edits go through ""Suggest changes"". Re-checked 2026-10-09: listing still up (HTTP 200) and the link is still the plain https://snug.andryore.dev/ with no Campaign tag.",1,EN,libhunt,https://snug.andryore.dev/?c=libhunt,
SaaSHub,2,https://www.saashub.com/services/submit,Alternatives,,,2026-10-06,Submitted,,,alternatives,,,"Free queue (up to 32 days). Submitted 2026-10-06, then verified. Categories Backup & Restore, Browser Extensions, Productivity, Chrome Extensions, Bookmarks, Utilities; competitor Firefox Sync. Logo, one screenshot, pricing (free), description, GitHub URL and open source flag set. The URLs field only accepts LinkedIn, left empty. Live URL will be https://www.saashub.com/snug once approved. Checked 2026-10-09: the listing page exists but shows ""Pending approval""; its site link already carries ?c=saashub (rel nofollow). Still Submitted.",1,EN,saashub,https://snug.andryore.dev/?c=saashub,
Sube.dev,2,https://sube.dev/enviar,Spanish directory,,Yes,2026-10-06,Live,https://sube.dev/productos/snug,Yes,es,,,"Submitted 2026-10-06 in Spanish (category Extensiones, model Open Source, price Gratis, country Colombia, 3 Spanish screenshots, promo video). Approved and published on 2026-10-07 (confirmation email from Sube). Checked 2026-10-09: the listing is public. Backlink verified: the visit button points to https://sube.dev/r/p/snug (rel noopener, no nofollow), which answers 302 to https://snug.andryore.dev/?c=sube&ref=sube.dev, so the Campaign tag is kept. The link is a redirect, not a direct link.",1,ES,sube,https://snug.andryore.dev/?c=sube,
Prouct,2,https://www.prouct.com/es,Spanish directory,,,2026-10-06,Submitted,,,extension,,,"Submitted twice in English (2026-10-06 and 2026-10-07). Both times the form said ""Your listing is live"" but the listing URL returned 404 and My submissions stayed empty, so the listing is unconfirmed. Slugs given: snug-mux5w681 and snug-mux87dc8. The second run used a restored draft, so steps 1-6 were refilled by hand. Contact Prouct support if it is still missing. Checked 2026-10-09: both slugs still return 404 (/es/productos/snug-mux5w681 and /es/productos/snug-mux87dc8) and no listing shows on the site. Still unconfirmed; needs the maker to contact Prouct support.",1,EN,prouct,https://snug.andryore.dev/?c=prouct,
AlternativeTo,2,https://alternativeto.net/,Alternatives,,No,2026-10-07,Live,https://alternativeto.net/software/snug/,Yes,alternatives,,,"Submitted 2026-10-07 in the free queue; the normal queue is long and not guaranteed. Alternatives are suggested from the post-submit page. The fast lane is not used. Approved on 2026-10-07 (email ""Snug is live on AlternativeTo""). Checked 2026-10-09: listing public. Backlink verified: the Official Website link on /about/ is rel nofollow noopener and points to plain https://snug.andryore.dev/ with no Campaign tag, so visits are not counted per tag. Alternatives still to be connected from the listing.",2,EN,alternativeto,https://snug.andryore.dev/?c=alternativeto,https://snug.andryore.dev/install?c=alternativeto
OpenAlternative,2,https://openalternative.co/submit,OSS and developer list,,,2026-10-07,Submitted,https://openalternative.co/alternatives/snug,,open-source,,,"Submitted 2026-10-07; the page exists and is pending moderation. Checked 2026-10-09: https://openalternative.co/snug and /alternatives/snug both return 404 now, so the earlier page is gone or hidden until moderation. The only mail is the 2026-10-06 receipt saying submissions are reviewed by hand. Still Submitted; the Live URL column is the expected address, unconfirmed.",2,EN,openalternative,https://snug.andryore.dev/?c=openalternative,
DevHunt,1,https://devhunt.org/,OSS and developer list,,,2026-10-07,Submitted,https://devhunt.org/tool/snug,,open-source,,,"Free queue chosen on 2026-10-07: launching 2030-04-23, nofollow link. A week costs 19 USD (no boost) or 49 USD (boost); the maker declined. Upgrade later if wanted. Checked 2026-10-09: the tool page is public with a launch date of 2030-04-23 and 1 upvote; the link carries ?c=devhunt (rel nofollow).",2,EN,devhunt,https://snug.andryore.dev/?c=devhunt,
Peerlist Launchpad,1,https://peerlist.io/projects,Launch site,,,,Skipped,,,open-source,,,"Launching needs ID verification, which costs 19 USD. Skipped unless the maker decides to pay.",2,EN,peerlist,https://snug.andryore.dev/?c=peerlist,
Indie Hackers Products,2,https://www.indiehackers.com/products,Launch site,,No,2026-10-07,Live,https://www.indiehackers.com/product/snug,Yes,open-source,,,"Backlink checked 2026-10-07: rel nofollow, with ?c=indiehackers. Funding Bootstrapped and Side Project confirmed by the maker on 2026-10-07. Re-checked 2026-10-09: product page up (HTTP 200); the site link is still https://snug.andryore.dev/?c=indiehackers with rel nofollow noopener.",2,EN,indiehackers,https://snug.andryore.dev/?c=indiehackers,
PeerPush,1,https://peerpush.com/,Launch site,,,2026-10-07,Submitted,https://peerpush.com/p/snug,,extension,,,"Free listing submitted 2026-10-07; in the publishing queue (position 4682 when checked). Alternatives: Raindrop.io. The form has no field for YouTube, GitHub or video. Checked 2026-10-09: still ""Coming soon"", queue position #4543 (was 4682); the site link carries ?c=peerpush with rel noopener.",2,EN,peerpush,https://snug.andryore.dev/?c=peerpush,
Twelve Tools,1,https://twelve.tools/submit,Launch site,,,,Skipped,,,extension,,,"Free plan needs a backlink to Twelve Tools on the Landing page or footer, which conflicts with a clean footer;  Reviewed in about 72 hours. Skipped: the free tier requires a backlink on the Landing page or footer, and the Landing page stays unchanged.",2,EN,twelvetools,https://snug.andryore.dev/?c=twelvetools,
Alternativas.io,2,https://www.alternativas.io/websites/submit,Spanish directory,,Yes,2026-10-07,Live,https://www.alternativas.io/snug,Yes,es,,,"Submitted 2026-10-07 in Spanish. Added Floccus, EverSync and Raindrop.io as alternatives; all wait for moderator review. Checked 2026-10-09: the page is public when logged out, in Spanish with 3 alternatives. Backlink verified: https://snug.andryore.dev/?c=alternativasio&ref=alternativas.io with rel noopener only, so it is dofollow.",2,ES,alternativasio,https://snug.andryore.dev/?c=alternativasio,
awesome-privacy,8,https://github.com/Lissy93/awesome-privacy,Privacy and local-first list,,,,Draft,,,privacy,,,"Not submitted. The contributing guide requires human-written text, forbids autonomous PRs and asks for a first stable release older than 4 months (releases start 2026-09-30). The maker writes and opens the PR later; a ready YAML entry is in the session scratchpad. Checked 2026-10-09: no pull request from AndryOre in Lissy93/awesome-privacy; still not submitted.",3,EN,awesomeprivacy,https://snug.andryore.dev/?c=awesomeprivacy,
lofi.so Local-First Web,8,https://github.com/mylofi/lofi.so,Privacy and local-first list,,,2026-10-07,Submitted,https://github.com/mylofi/lofi.so/pull/112,,privacy,,,Pull request 112 opened 2026-10-07 (record id 90 in src/lib/data/directory/Item.json). The maintainer may judge it off-topic for local-first. Renumber the id if another PR with id 90 merges first. Checked 2026-10-09: pull request 112 is still open with no reviews and no comments from the maintainer.,3,EN,lofi,https://snug.andryore.dev/?c=lofi,
SourceForge,2,https://sourceforge.net/create,OSS and developer list,,No,2026-10-07,Submitted,https://sourceforge.net/projects/snug/,,open-source,,,"Backlink checked 2026-10-07: rel nofollow, with ?c=sourceforge on the homepage and install links. Checked 2026-10-09: the project was created on 2026-10-06 (registration email), but https://sourceforge.net/projects/snug/ (and /p/snug/) now redirect to the browser-extensions category list, and the logged-in account (andryore) profile lists no projects. The project appears removed or hidden by SourceForge. Status moved from Live back to Submitted; contact SourceForge support to restore it. The 2026-10-07 backlink check above no longer holds.",3,EN,sourceforge,https://snug.andryore.dev/?c=sourceforge,https://snug.andryore.dev/install?c=sourceforge
Fazier,1,https://fazier.com/submit,Launch site,,,,Skipped,,,extension,,,"Free Basic tier needs a backlink to Fazier on the Landing page or footer; listed within 30 days. Skipped: the free tier requires a backlink on the Landing page or footer, and the Landing page stays unchanged.",3,EN,fazier,https://snug.andryore.dev/?c=fazier,
TinyLaunch,1,https://www.tinylaunch.com/,Launch site,,,2026-10-07,Submitted,,,extension,,,"Free launch scheduled for Monday 2026-11-09 at midnight PT, approved. Created 2026-10-07. No badge backlink. Checked 2026-10-09: ""Launch Approved"" email received 2026-10-07 and the dashboard shows launch on 2026-11-09 at midnight PT. No public listing URL yet.",3,EN,tinylaunch,https://snug.andryore.dev/?c=tinylaunch,
Product Hunt,1,https://www.producthunt.com/posts/new,Launch,,,2026-10-07,Submitted,https://www.producthunt.com/products/snug-2,,extension,,,"Scheduled by the maker for Sunday 2026-10-11 at 00:01 PT. Product slug is snug-2 because snug was taken. Gallery captions did not fit: the form has no caption field. Confirm the live URL on day D. 2026-10-09: refreshed for 2.1.0. Gallery images 1-5 replaced and maker comment now describes multi-file Import as one Import batch. The YouTube video https://youtu.be/r89MCN-oLCw was rejected by the edit form (Unable to find a YouTube video), and so was an unrelated public video on 2026-10-09. A retry on 2026-10-09 cleared the error but the video did not persist after saving, so the video is still to add. Schedule unchanged.",,EN,producthunt,https://snug.andryore.dev/?c=producthunt,https://snug.andryore.dev/install?c=producthunt
Hacker News (Show HN),1,https://news.ycombinator.com/submit,Launch,,,2026-10-07,Live,https://news.ycombinator.com/item?id=49988372,,open-source,,,"Posted 2026-10-07 with the repository as the submitted URL, since Show HN does not accept landing pages. Visible in /newest and /shownew. The maker first comment was killed by HN (shown as [dead]) because the account has 1 karma; do not repost. HN bans generated text, so any later comment must be written by hand. Checked 2026-10-09: the item is still up (score 3, one comment, the dead maker comment).",,EN,hn,https://snug.andryore.dev/?c=hn,
Reddit r/SideProject,10,https://old.reddit.com/r/SideProject/submit,Community,,,2026-10-07,Live,https://www.reddit.com/r/SideProject/comments/1wzn9kr/,,open-source,,,"Posted 2026-10-07 from the maker account (1 link karma, 0 comment karma). Visible to the author and indexable; public visibility not confirmed while logged out. Text rewritten around the origin story. Checked 2026-10-09: post readable from the logged-in account (3 comments, 1 point, 166 views). Public visibility still unconfirmed because logged-out Reddit returns 403 or a login wall. One comment from u/Public_Knowledge_980 asks for features (itemized import preview, single-folder import, independent backups); it was answered on 2026-10-07 and a follow-up reply for 2.1.0 is typed but unsent. The post text still says imports are one file at a time, outdated since 2.1.0.",,EN,reddit-sideproject,https://snug.andryore.dev/?c=reddit-sideproject,
Reddit r/chrome_extensions,10,https://old.reddit.com/r/chrome_extensions/submit,Community,,,2026-10-07,Submitted,https://www.reddit.com/r/chrome_extensions/comments/1wzn9q0/,,extension,,,"Posted 2026-10-07 with the Self Promotion flair, then removed by the Reddit spam filter (removed_by_category reddit, not indexable, no notice). Visible only to the author. Do not repost; ask the mods to review it. Checked 2026-10-09: still removed by Reddit (removed_by_category reddit), 0 comments. Unchanged; mods have not been messaged.",,EN,reddit-chrome_extensions,https://snug.andryore.dev/?c=reddit-chrome_extensions,
Reddit r/opensource,10,https://old.reddit.com/r/opensource/submit,Community,,,2026-10-07,Skipped,https://www.reddit.com/r/opensource/comments/1wzn9q4/,,open-source,,,"Removed by AutoModerator within seconds: the account does not meet the karma requirement, and exceptions are not made. Retry only after the account has earned karma, with text written by hand (rule 3 bans AI-generated content).",,EN,reddit-opensource,https://snug.andryore.dev/?c=reddit-opensource,
X,10,https://x.com/compose/post,Community,,,,Skipped,,,extension,,,Dropped on 2026-10-07: the maker will not post on X.,,EN,x,https://snug.andryore.dev/?c=x,
YouTube,10,https://studio.youtube.com/,Launch,,,2026-10-09,Live,https://youtu.be/r89MCN-oLCw,,extension,,,"Reserved channel tag. Link goes in the video description. Maker uploaded the video; set Live on 2026-10-09 as requested. Checked 2026-10-09: https://youtu.be/r89MCN-oLCw loads with the title Snug - Your bookmarks, in your hands. Description link not verified.",,EN,youtube,https://snug.andryore.dev/?c=youtube,https://snug.andryore.dev/install?c=youtube
GitHub repository,8,https://github.com/AndryOre/snug,Profile,,,,Draft,,,open-source,,,Reserved channel tag. README and repo link. Checked 2026-10-09: no change; still a reserved channel tag.,,EN,github,https://snug.andryore.dev/?c=github,https://snug.andryore.dev/install?c=github
Reddit r/coolgithubprojects,10,https://old.reddit.com/r/coolgithubprojects/submit,Community,,,2026-10-07,Live,https://www.reddit.com/r/coolgithubprojects/comments/1wzn9q7/,,open-source,,,"Link post to the repository, posted 2026-10-07. Visible to the author and indexable; public visibility not confirmed. GitHub-only sub, language flair is automatic. Checked 2026-10-09: link post readable from the logged-in account (0 points, 0 comments, not removed). Public visibility still unconfirmed because logged-out Reddit is blocked.",,EN,reddit-coolgithubprojects,https://snug.andryore.dev/?c=reddit-coolgithubprojects,
Reddit r/browsers (2024 thread update),10,https://old.reddit.com/r/browsers/comments/1eprg9s/,Community,,,2026-10-07,Live,https://www.reddit.com/r/browsers/comments/1eprg9s/,,extension,,,Edited the maker post from 2024-08-11 with an October 2026 update and replied to the pending auto-export request on 2026-10-07. The old r/SideProject thread is archived and cannot be edited. Checked 2026-10-09: thread up with 12 comments; all four older questions (including the daily auto-export request) already have maker replies from 2026-10-07. No unanswered feature requests.,,EN,reddit-browsers,https://snug.andryore.dev/?c=reddit-browsers,https://snug.andryore.dev/install?c=reddit-browsers
